ID,Cubic_AIC,HollingI_AIC,HollingII_AIC,HollingIII_AIC,Cubic_BIC,HollingI_BIC,HollingII_BIC,HollingIII_BIC,a_Holl1,h_Holl2,a_Holl2,h_Holl3,a_Holl3
6,-499.5963082005172,-580.3124731389948,-584.359356408618,-584.0083506327036,-496.79391343719294,-578.9112757573326,-581.5569616452938,-581.2059558693793,4.438574986716261e-06,3018.0493059990267,9.672818102046676e-06,4681.471664418402,7.438494264988549e-07
71,-96.18614682610495,-110.31564230968056,-110.63597589388289,-111.98975062417968,-96.60262788764884,-110.5238828404525,-111.05245695542678,-112.40623168572357,7.273939209726444e-06,1475.1895972659468,1.3752887717544127e-05,2534.9646502091373,1.0158540675320182e-06
79,-184.0774025555002,-180.29635554158074,-205.2634523959414,-206.56897010028854,-183.4722323695121,-179.9937704485867,-204.6582822099533,-205.96379991430044,4.7252926704257105e-06,2027.9288957172348,1.8726686867864828e-05,2616.4017830555554,1.2462253451417382e-06
140,-37.675720142384534,-30.134361330437876,-51.1152364368631,-40.37581472278414,-38.092201203928425,-30.342601861209822,-51.53171749840699,-40.79229578432803,0.00044620054454736136,3.325437874734938,0.0022816748490583905,4.228225460312096,3.429201367310952e-05
351,-17.29213945587985,-48.705009258552344,-46.7050092324501,-50.416648277526235,-15.203094580433003,-47.66048682082892,-44.61596435700326,-48.32760340207939,0.000506520513996612,0.0,0.0005065170505247352,0.0863413470164609,1.0547118733938987e-07
450,-141.51409915468997,-137.51243673368361,-146.95376126164808,-141.87586999164256,-141.93058021623386,-137.72067726445556,-147.37024232319197,-142.29235105318645,3.0786842105263157e-06,14144.312623697419,9.173217740965356e-06,20385.41516455228,3.372302437298913e-06
687,-1122.4508533347032,-1204.862938499784,-1279.109211135976,-1287.9704035194466,-1118.2957784468917,-1202.7854010558783,-1274.9541362481646,-1283.815328631635,4.2119554448189955e-06,7632.204990006719,2.0577983761427276e-05,9544.629862382691,6.167288901792745e-06
691,-1071.2653995873186,-1222.9188080957024,-1241.3528872428913,-1236.253424506371,-1067.0767104628744,-1220.8244635334802,-1237.164198118447,-1232.0647353819268,5.416324102564104e-06,4051.320712276818,1.2337353361147052e-05,6536.194674559237,2.2870594307278225e-06
695,-84.24415660702172,-90.90473696766492,-93.8545952868538,-87.69669120694648,-85.02528078215352,-91.29529905523081,-94.63571946198559,-88.47781538207828,4.8336132867132904e-05,242.23136678802604,6.638578575746124e-05,631.7946643080719,7.810418978237976e-06
708,-105.94926678642794,-91.09100270659019,-105.56323457675097,-104.33102714252804,-106.73039096155973,-91.48156479415609,-106.34435875188277,-105.11215131765984,4.702924340175954e-06,2903.99991600776,2.6018076582090544e-05,3595.01093139819,3.47499806707674e-06
713,-538.8700684250182,-592.8797757513767,-626.5082860610729,-623.1994092078032,-536.0020940160479,-591.4457885468915,-623.6403116521026,-620.3314347988329,3.2343212850370968e-06,5861.908643905678,3.372302437298913e-05,6757.995920308846,9.250933352689117e-06
721,-153.22763373055656,-144.79557507523967,-163.45326675467658,-158.3187548659947,-153.64411479210045,-145.0038156060116,-163.86974781622047,-158.73523592753858,4.820616113744077e-07,74284.18863309988,6.458722445756848e-06,83173.7339120725,3.5194069880617462e-06
920,-9.294945256258266,-8.490593678368878,-30.970236789585478,-32.64810500820337,-9.711426317802157,-8.698834209140824,-31.38671785112937,-33.064586069747264,0.0017641276168887854,1.0132783243577137,0.02527540399199779,1.141398939863425,0.0007756267850211884
39835,-104.71673107138028,-126.57223575238794,-125.0231076632463,-118.52681542817163,-104.55784798802061,-126.4927942107081,-124.86422457988662,-118.36793234481196,8.782852547169812e-05,29.2816758111214,9.663381206337363e-05,186.36999599902504,6.750155989720952e-06
39836,-197.8514272008442,-163.5115833698156,-225.5075128690401,-172.52179390134273,-197.2462570148561,-163.20899827682157,-224.902342683052,-171.91662371535463,1.640836571459532e-05,167.03351314029112,2.81830114801096e-05,324.0122173037152,6.13398221105399e-07
39837,-174.36704301949635,-186.10916573099388,-201.5535422239865,-182.01168339778826,-173.76187283350825,-185.80658063799984,-200.9483720379984,-181.40651321180016,9.861204137973892e-06,165.30181306689818,1.3011813848606835e-05,497.7893479346518,2.6645352591003757e-07
39838,-205.5463832115886,-209.10534378016993,-233.8372759785093,-195.44828914680215,-204.9412130256005,-208.8027586871759,-233.2321057925212,-194.84311896081405,5.363387373775162e-06,168.0234538068981,6.23945339839338e-06,816.692017309828,1.1657341758564144e-07
39839,-200.13929994765266,-199.49831735352407,-212.8655995572832,-194.54691588143893,-199.53412976166456,-199.19573226053004,-212.2604293712951,-193.94174569545083,3.530034986617706e-06,576.6957277617557,5.137557046452912e-06,1392.765030859,1.0269562977782698e-07
39840,-16.753945289745715,-106.32912221838065,-116.55076401250385,-112.44112490929216,-13.586907412833495,-104.74560327992454,-113.38372613559163,-109.27408703237994,0.1655784741935484,1.281643339845484,0.5701924543632941,1.7649603244462853,0.9817057194938528
39841,-38.616104246142,-85.97939846669696,-151.96438998496748,-149.34178270492717,-35.18896011273338,-84.26582639999266,-148.53724585155888,-145.91463857151857,0.3058482153744924,0.9340269442881244,1.849437114564978,1.1335787692412502,4.749280210769591
39842,-4.169312499065391,-69.55619565213765,-94.44293049855234,-93.13716884733786,-1.1165914498330682,-68.02983512752148,-91.39020944932003,-90.08444779810554,0.2468538651168788,0.8998071523436124,1.008191127804814,1.1452786410348637,1.4287565325288298
39843,-26.538195438512005,-60.347199989204235,-106.69038653629465,-105.01146760908526,-23.873786418161597,-59.01499547902903,-104.02597751594425,-102.34705858873485,0.36308355641089324,0.8625580351639961,1.794688728185001,1.0848272075647536,4.632555511419056
39844,-28.755850833576034,-87.95881319997392,-146.61875266223916,-142.58385499067424,-25.280511597009298,-86.22114358169055,-143.14341342567243,-139.10851575410751,0.2607676440479337,0.887723640485838,1.442560146336369,1.0935132096490108,2.92077702301885
39845,-15.984422566076695,-63.54196702474184,-84.5540423010425,-81.0564778769519,-13.628314905380805,-62.36391319439389,-82.1979346403466,-78.700370216256,0.1857263385735346,0.9884311157892789,0.7647906113961156,1.2780991973104783,1.0317228543721413
39846,-15.51065329139076,-75.66823646892495,-77.72631329033081,-73.44310422503497,-13.23966485953246,-74.5327422529958,-75.45532485847251,-71.17211579317667,0.1699677800597192,1.1844286411100136,0.4229051747683954,2.141692339807655,1.5234403932806728
39847,-38.44419797303122,-107.34205085694255,-122.16809706199633,-118.42748348699956,-35.57622356406093,-105.9080636524574,-119.30012265302604,-115.55950907802927,0.17786044487325856,1.0065921302593317,0.44037986313139044,1.523160673866375,0.5565047700439862
39848,-13.829294009892457,-73.6082828486431,-83.40504709344303,-82.67786942304897,-11.391542360156055,-72.3894070237749,-80.96729544370663,-80.24011777331258,0.23928481380934533,0.8929781363242739,0.5986147993963797,1.3324120060054234,0.8819123736847345
39849,-18.276484275624483,-57.711247284587344,-73.00173242619923,-75.49565522286406,-16.187439400177638,-56.66672484686392,-70.91268755075238,-73.40661034741721,0.23023193828360614,1.2158806321216353,0.8173595605898143,1.576208215392505,1.4405371201453576
39850,-35.29462710089778,-66.46779097479255,-78.70544153899331,-76.16810705073802,-33.4057491425649,-65.52335199562611,-76.81656358066043,-74.27922909240513,0.19762906156971147,1.21532486180298,0.5511973683036686,1.699439897251409,0.7674659852074939
39851,-119.68982867272356,-127.38108543977012,-127.90903772244269,-125.04249720473669,-120.47095284785536,-127.77164752733601,-128.69016189757448,-125.82362137986848,2.8334249964113627e-08,48214.07305321324,5.551115123125783e-08,99415.20467836263,2.7755575615628914e-09
39852,-131.63493873893717,-132.5657756611081,-137.31498255670175,-123.30309576519083,-132.41606291406896,-132.956337748674,-138.09610673183354,-124.08421994032263,4.878773204112097e-08,17371.3260405019,7.216449660063518e-08,58529.54959973905,2.7755575615628914e-09
39853,-113.51098656424946,-120.80447438838792,-121.72393168016077,-121.96575684621715,-114.29211073938126,-121.19503647595381,-122.50505585529257,-122.74688102134894,5.965212668771765e-08,22760.945240632045,1.1934897514720433e-07,44275.21391360806,2.7755575615628914e-09
39854,-115.1364766739251,-129.8282924478877,-127.82530246961443,-118.65678448638005,-115.9176008490569,-130.2188545354536,-128.60642664474622,-119.43790866151184,4.899292609134096e-08,860.5723682652,4.9960036108132044e-08,59047.61904761902,2.7755575615628914e-09
39855,-123.41313425855495,-132.8419769977561,-135.48197675378506,-130.3964738324573,-124.19425843368674,-133.232539085322,-136.26310092891686,-131.1775980075891,2.1559476654489703e-08,76806.51773699721,5.2735593669694936e-08,139518.15893563468,2.7755575615628914e-09
39856,-122.96925882504115,-119.07599314700587,-118.69886779367967,-118.59388695224692,-123.75038300017295,-119.46655523457177,-119.47999196881146,-119.37501112737871,6.359112672690714e-08,24399.39941590291,1.4155343563970746e-07,42961.87170904414,2.7755575615628914e-09
39857,-121.23562704275497,-125.5345375573446,-125.6268250309418,-117.12163366057223,-122.01675121788676,-125.9250996449105,-126.4079492060736,-117.90275783570402,1.0391597129340163e-07,5265.268076328045,1.304512053934559e-07,26695.542542461983,2.7755575615628914e-09
39858,-103.2344407512056,-117.9654804540598,-115.71401543926801,-110.80652798332643,-104.01556492633739,-118.3560425416257,-116.4951396143998,-111.58765215845823,1.0036880267836525e-07,383.0393048268599,9.71445146547012e-08,29297.807984687563,2.7755575615628914e-09
39859,-133.11727417725157,-143.87190923062235,-143.76772389622474,-136.89719549008416,-133.89839835238337,-144.26247131818826,-144.54884807135653,-137.67831966521595,7.855437608317634e-09,182159.85618932906,1.6653345369377348e-08,390338.1642512077,2.7755575615628914e-09
39860,-128.21109364550065,-124.54453787139758,-127.62803538633142,-123.81888948862239,-128.99221782063245,-124.93509995896348,-128.4091595614632,-124.60001366375418,4.831727642834189e-08,30350.300391355333,1.0269562977782698e-07,57605.17799352749,2.7755575615628914e-09
39861,-115.85574670607076,-119.61440990527376,-124.70166722317069,-126.61899053622449,-116.63687088120255,-120.00497199283966,-125.48279139830248,-127.40011471135628,4.2985067437154765e-08,51943.451417241995,2.1094237467877974e-07,62078.416679130496,2.7755575615628914e-09
39862,-123.801426176805,-130.04822238371958,-129.39146536982037,-122.43651561376703,-124.58255035193679,-130.4387844712855,-130.17258954495216,-123.21763978889882,4.369621789337222e-08,16069.128611327698,5.828670879282072e-08,64991.62479061976,2.7755575615628914e-09
39863,-82.76124629830029,-86.11929373303926,-86.42975967533675,-95.12398730950103,-83.54237047343209,-86.50985582060515,-87.21088385046855,-95.90511148463283,1.3998059388646294e-05,197.73125542116298,1.9281798380177406e-05,551.1542704878525,7.022160630754115e-07
39864,-90.86494855319376,-76.07405545374449,-90.2666962028494,-101.82083197363816,-91.64607272832555,-76.46461754131039,-91.0478203779812,-102.60195614876996,1.6027815720524027e-05,506.09829586850674,6.54087894957911e-05,650.146021726361,4.2521541843143495e-06
39865,-92.14169697984778,-94.26299467350621,-99.07587389353479,-91.76787249017757,-92.92282115497957,-94.65355676107211,-99.85699806866658,-92.54899666530936,6.372310043668125e-06,677.1290789073237,1.094402346524248e-05,1382.1384605630094,4.7184478546569153e-07
39866,-77.58863793506237,-86.90997010079288,-89.31147703724463,-83.67083699551306,-78.36976211019416,-87.30053218835877,-90.09260121237642,-84.45196117064485,1.4701599563318783e-05,240.14891061208132,2.2448709557920665e-05,572.4711279347927,9.131584377541913e-07
39867,-107.28590172093439,-87.06054302385385,-99.10030402375295,-103.42214107394169,-108.06702589606618,-87.45110511141975,-99.88142819888475,-104.20326524907348,7.68235589519651e-06,842.6059103744387,1.9934054407144686e-05,1270.2948442741001,1.0852430065710905e-06
39868,-88.42083545980132,-91.19098551802013,-103.11160097809605,-104.27794289662322,-88.83731652134522,-91.39922604879207,-103.52808203963994,-104.6944239581671,1.2971555051546395e-05,471.78374832185233,5.2369220071568634e-05,612.5808433846692,2.7700064464397656e-06
39869,-78.24603122063378,-83.14572454864295,-91.6042071994011,-90.63489989809979,-78.66251228217767,-83.35396507941489,-92.020688260945,-91.05138095964368,3.1343071134020625e-05,173.14911410265532,9.52515843977153e-05,244.55958845021053,4.241051954068098e-06
39870,-88.16912912027588,-90.81897350287016,-101.64118617258376,-89.36640531620468,-88.58561018181977,-91.02721403364211,-102.05766723412765,-89.78288637774857,3.300241731958763e-05,104.9271723637668,5.8897331456364554e-05,204.07401851785244,1.8762769116165146e-06
39871,-79.4146046689943,-82.48164148654207,-87.17568449075443,-85.34347304440564,-79.83108573053819,-82.68988201731402,-87.59216555229833,-85.75995410594953,4.136311711340206e-05,110.46383781371239,9.61647428354695e-05,180.7638193426775,4.224398608698721e-06
39873,-100.36790297698174,-102.79444087411898,-113.59896418927295,-108.78203370510346,-100.78438403852563,-103.00268140489092,-114.01544525081684,-109.19851476664735,5.7311952577319605e-06,1014.3414741775048,1.997568777056813e-05,1387.8604010166273,1.021405182655144e-06
39874,-89.71506849066132,-90.86912731539272,-105.33313713316473,-102.64164671459213,-90.13154955220521,-91.07736784616466,-105.74961819470862,-103.05812777613602,1.5108819587628869e-05,388.5534317146222,5.433986594027829e-05,519.6612287265978,2.631228568361621e-06
39875,-79.52691582151611,-82.00565931379766,-92.60179665700701,-91.84042731183575,-79.94339688306,-82.21389984456961,-93.0182777185509,-92.25690837337964,2.4726995876288668e-05,290.8078133638248,0.00016043000261589668,349.00305253693364,1.233457780358549e-05
39876,-73.64677241597295,-78.8851560186036,-87.2815000198845,-88.61884130079437,-74.06325347751684,-79.09339654937554,-87.6979810814284,-89.03532236233826,4.054982927835052e-05,135.1575705060837,0.0001275257677235686,186.04700438307196,5.329070518200751e-06
39877,-79.77636944025635,-79.18721358720532,-90.38805916700233,-93.35493920528683,-80.19285050180024,-79.39545411797727,-90.80454022854622,-93.77142026683072,4.515082144329898e-05,114.90236815842047,0.00012816692152028963,164.94849036985391,5.204170427930421e-06
39878,-103.67526691650058,-107.67410905131456,-120.24484884220652,-115.1688252857921,-104.09174797804447,-107.8823495820865,-120.66132990375041,-115.58530634733599,4.513178144329897e-06,1152.9426248034213,1.2750911437819923e-05,1690.5346408903622,5.662137425588298e-07
39879,-94.76451451313118,-94.48770900049462,-114.9629038829568,-109.2905575595222,-95.18099557467507,-94.69594953126656,-115.37938494450069,-109.70703862106609,1.006490969072165e-05,643.5400896264154,4.659883590107938e-05,819.1419880422268,2.8921309791485328e-06
39880,-81.13809395723825,-85.52545331085369,-99.00822742204815,-95.83259186067389,-81.55457501878215,-85.73369384162564,-99.42470848359204,-96.24907292221778,2.257732061855671e-05,274.2274736317607,9.14296416354432e-05,357.9107663729264,5.007105841059456e-06
39881,-86.32729525930732,-83.39137912120137,-102.69492852417406,-91.81334190525185,-86.74377632085121,-83.59961965197331,-103.11140958571795,-92.22982296679574,2.935471463917527e-05,209.91981013596117,0.00011573242364448788,280.5981741743069,7.008282842946301e-06
39882,-82.08785413414199,-83.75547934959611,-99.30596319174175,-93.18293401367491,-82.50433519568588,-83.96371988036806,-99.72244425328564,-93.5994150752188,3.435280618556701e-05,150.73752163846655,9.612866058716918e-05,222.85106818087374,4.402034292638746e-06
39883,-886.2788709690776,-929.4530154300405,-990.1584131655276,-1005.4991739285045,-882.4548249582214,-927.5409924246123,-986.3343671546713,-1001.6751279176483,4.3014192424242425e-05,759.8303197707824,8.114342531229113e-05,1336.1561177455683,1.895983370303611e-05
39884,-129.9284777566444,-99.8637900067865,-117.41593796079468,-116.1189400437884,-130.7096019317762,-100.2543520943524,-118.19706213592647,-116.90006421892019,6.003846153846155e-06,10186.771606024215,5.950795411990839e-05,11723.36121866835,4.481692794655601e-05
39885,-113.05038856401121,-118.0571138444891,-126.3727095169109,-127.33462168876821,-113.4668696255551,-118.26535437526104,-126.7891905784548,-127.7511027503121,1.2293121457489874e-05,8243.500835466377,9.283407376159403e-05,9439.984852021576,7.090439346768562e-05
39886,-126.67254266657483,-102.3484011826486,-117.01489955237841,-119.13658076722753,-127.45366684170662,-102.7389632702145,-117.7960237275102,-119.91770494235932,9.028806584362142e-06,10662.705155409069,6.417089082333405e-05,12447.481557456897,5.394018565141323e-05
39887,-99.44002615730349,-109.56970139748873,-112.69612402797755,-107.52569966851787,-100.22115033243529,-109.96026348505463,-113.47724820310934,-108.30682384364967,6.401417910447762e-06,2945.313016415707,1.0558220964185239e-05,5937.725916328684,1.5876189252139739e-06
39890,-96.8258664466186,-110.84295823883383,-108.84144061906451,-107.38081874560345,-97.2423475081625,-111.05119876960578,-109.2579216806084,-107.79729980714734,9.325202120609684e-06,1.002667251559508,9.300893388797249e-06,1119.630864406751,4.191091917959966e-07
39891,-97.36977508737967,-97.2012358978597,-108.88686338722917,-107.46193516205375,-97.78625614892356,-97.40947642863165,-109.30334444877306,-107.87841622359764,1.7160549039098756e-05,1092.7645877064629,0.00014420964422612315,1273.225693484259,4.440892098500626e-05
39892,-290.66849869745914,-285.00677707893976,-311.258453854866,-328.7846493841605,-288.77962073912624,-284.06233809977334,-309.3695758965331,-326.8957714258276,7.20180936843203e-06,298.3419585664282,1.948718963973306e-05,419.2647958490281,2.6645352591003757e-07
39893,-290.0889795515296,-318.5139732784062,-327.87831660210605,-338.1997616107023,-288.30823603573725,-317.62360152051,-326.09757308631373,-336.41901809491,7.382093892568062e-06,706.6688114710784,1.4030443473700416e-05,1220.0781136964545,4.940492459581947e-07
39894,-112.16682764446887,-112.4208957316807,-133.06158313414554,-128.95029129015794,-112.27500734635824,-112.4749855826254,-133.16976283603492,-129.05847099204732,2.920310616748056e-05,734.7183477545705,0.00014581669205426806,922.7039768488487,3.180511409794917e-05
39895,-125.57248236947345,-137.35236014639216,-144.26273748132417,-135.68083705169133,-125.41359928611378,-137.27291860471232,-144.10385439796448,-135.52195396833164,0.00010867150469314084,160.93939237049602,0.0001598526866430916,398.93249242201057,3.057554209817681e-05
39896,-124.19697205686043,-144.17445292133053,-142.17445041565279,-138.14875509454734,-124.03808897350076,-144.09501137965069,-142.0155673322931,-137.98987201118766,4.4987773285198564e-05,0.0002922108666147949,4.498346140024978e-05,610.1466055485894,5.284661597215745e-06
39897,-125.104516592957,-138.6080639172579,-146.58306847054018,-145.6605793513667,-124.94563350959733,-138.52862237557807,-146.4241853871805,-145.501696268007,3.0046194945848388e-05,1434.0724462231224,0.0001230682222796986,1835.6602366504383,3.997913111675189e-05
39898,-146.9520730300608,-134.6610415780857,-156.2785550780488,-144.99590068208295,-146.79318994670112,-134.58160003640586,-156.11967199468913,-144.83701759872326,0.00010499089386281593,219.24561290748156,0.0001805194882464889,432.44069171877175,3.556321903630533e-05
39899,-132.86904500704475,-131.206564331145,-144.6997023851586,-149.00174275191614,-132.71016192368506,-131.12712278946515,-144.5408193017989,-148.84285966855646,8.84513270758123e-05,330.18000627477176,0.00018691992398345292,544.2967936793441,4.022060462460786e-05
39900,-137.8432818547014,-135.80572199210332,-155.27275738904834,-152.90218503434625,-137.6843987713417,-135.72628045042347,-155.11387430568865,-152.74330195098656,5.6712397111913375e-05,618.9558424630204,0.00015113466034222256,917.787239932355,4.0792369482289814e-05
39901,-127.44638716029658,-123.86912398453198,-131.3379815120224,-137.4640473425215,-127.28750407693691,-123.78968244285214,-131.1790984286627,-137.3051642591618,8.900677617328524e-05,391.26265542982486,0.0002396444154229016,562.5739098256144,5.741240816092841e-05
39902,-115.52351202501947,-135.3613290127934,-138.44404229420772,-139.66428536598482,-115.3646289416598,-135.28188747111355,-138.28515921084804,-139.50540228262514,2.80914570397112e-05,1592.3875075872784,0.00012869150189942502,2033.038634138895,6.330214130656486e-05
39903,-112.69260944682529,-134.38797973377572,-135.47697273012813,-136.08021058484735,-112.53372636346562,-134.30853819209588,-135.31808964676844,-135.92132750148767,1.3145322743682317e-05,3916.6215843231544,0.00018564871862025711,4103.0738275851245,8.931466677353228e-05
39904,-129.3972554295766,-138.65528863392967,-146.63347654400036,-150.9069380233137,-129.23837234621692,-138.57584709224983,-146.47459346064068,-150.74805493995402,9.309772996389896e-05,190.59614436583993,0.0001380340286516457,456.52818567437635,2.5299207173645755e-05
39905,-123.0883852897048,-143.60632551600287,-145.16445531528802,-136.4890424229196,-122.92950220634513,-143.52688397432303,-145.00557223192834,-136.3301593395599,7.562320577617331e-05,170.42613654760785,9.920675392294243e-05,513.2485466701753,1.5604184611106575e-05
39906,-131.72325087426063,-140.3098303386239,-154.92577313681048,-152.69079028157947,-131.56436779090095,-140.23038879694406,-154.7668900534508,-152.53190719821978,3.916703249097475e-05,962.2638777218584,0.00011695922008669868,1392.9079601405215,3.984867991135843e-05
39907,-191.8131299470642,-237.2495605681437,-246.75741383246927,-237.63157540000515,-189.63104504034757,-236.15851811478538,-244.57532892575264,-235.44949049328852,0.0003780228477573355,24.079790607478557,0.0007837536175614446,41.54274405221425,6.228906279659441e-05
39908,-152.1548522003253,-151.5529821537784,-179.96418282554848,-179.2870579152923,-151.99596911696563,-151.47354061209856,-179.8052997421888,-179.12817483193263,2.1636669202243985e-06,5140.521787864894,1.8396395518038844e-05,6165.169199748133,3.0253577421035516e-06
39909,-151.1219410615908,-149.62303425918253,-170.25185692798235,-159.14084098410555,-150.96305797823112,-149.5435927175027,-170.09297384462266,-158.98195790074587,5.12553865170676e-06,1291.7262524227979,1.2148615446960775e-05,2021.1805952209395,6.13398221105399e-07
39910,757.8820822398752,650.8868737687893,645.5237933513264,674.5369940638451,761.2598411481031,652.5757532229032,648.9015522595543,677.914752972073,0.0003786670185160268,3.862693498390968e-05,0.0009208273032967895,0.00010027945140933525,2.7755575615628914e-09
39911,772.3324250211684,675.4853986365746,658.8436940541703,683.0766943311004,775.8077642577351,677.2230682548579,662.319033290737,686.5520335676671,0.0003318026296016614,7.836059578991694e-05,0.0008968104037165858,0.0001871145460796697,2.7755575615628914e-09
39912,-131.9614489169526,-96.61154999151664,-107.95958817627458,-109.69036058452623,-131.80256583359292,-96.5321084498368,-107.80070509291491,-109.53147750116656,0.0004105869529011476,21.717962816136804,0.0007060796392011071,43.650241222104036,6.115385975391519e-05
39914,43.732667779556046,34.43624987098029,8.620353043452031,8.10013623184812,44.52845832515278,34.83414514377866,9.416143589048772,8.895926777444862,6.529860820794958e-06,0.1493709453903591,0.002461422732302765,0.15390192836806094,7.993605777301127e-07
39915,-77.72574857448899,-90.23626112476762,-114.25108152854153,-114.78227485100044,-76.75593527491299,-89.75135447497962,-113.28126822896553,-113.81246155142443,7.817176261656051e-05,19.61889753743229,0.0022057577986345223,20.784955733432753,0.00013672118992502647
39916,-39.80795713750149,-28.149150743374722,-48.947275796993274,-69.59983482257437,-39.916136839390866,-28.20324059431941,-49.05545549888265,-69.70801452446374,5.036870381922433e-05,3.087000282064878,0.0005836442440454448,3.4284307907084255,1.4516166046973922e-06
39917,-88.39430058495365,-82.02221578585298,-95.77337607863639,-86.86724661966346,-89.17542476008545,-82.41277787341888,-96.55450025376818,-87.64837079479526,8.26770257879656e-05,183.24721337414917,0.000135244593302275,390.3181597417205,2.224054274080345e-05
39918,-88.07776632671025,-75.49464632328213,-90.58774230477863,-81.18166461231957,-87.6833171720378,-75.29742174594591,-90.19329315010619,-80.78721545764712,0.0001635296224745945,16.373756455578814,0.0010478923284651387,20.046164591835947,3.368416656712725e-05
39919,-83.92736310585195,-84.8339055977583,-94.2324720893587,-70.47899823697897,-84.70848728098375,-85.2244676853242,-95.01359626449049,-71.26012241211076,0.00024506152878787875,7.360617130414138,0.0002644079399871657,63.69780240483847,1.882383138251953e-05
39920,-74.46297958942242,-82.80677922002718,-84.1737145213038,-68.79015378123897,-75.24410376455421,-83.19734130759308,-84.95483869643559,-69.57127795637076,0.0002485036156565657,6.5775685024194175,0.00026616209236607347,62.826165104556964,1.9037549314759872e-05
39921,-68.0028680176177,-63.43513894643725,-71.66669821492451,-78.27469869708743,-68.7839921927495,-63.825701034003146,-72.4478223900563,-79.05582287221922,0.00016284154343434342,102.74347872768486,0.0004483552418221848,144.74910861145273,4.6429526889824047e-05
39922,-65.48468690403568,-67.86223445423232,-79.46504757946659,-75.28046827717526,-66.26581107916748,-68.25279654179822,-80.24617175459838,-76.06159245230705,0.00011148849898989898,158.00985114466926,0.0003286232397314848,223.49710144109469,3.950451077372463e-05
39923,-82.97500384694484,-68.1209260079167,-86.16524567658323,-95.48325308521368,-83.75612802207664,-68.51148809548259,-86.94636985171502,-96.26437726034547,7.291377777777775e-05,312.35226991671584,0.0004333644554321836,376.71106082287633,8.528733275170453e-05
39924,-161.6788631321266,-138.67387329840162,-164.4395147582252,-166.43600786941667,-162.09534419367048,-138.88211382917356,-164.85599581976908,-166.85248893096056,3.208794098567233e-07,63345.34991910945,1.9081958235744878e-05,71554.78166121198,3.006483950684924e-05
39925,-64.62654956076234,-125.92108700351415,-161.38437557894107,-148.20848671363115,-61.459511683850124,-124.33756806505804,-158.21733770202886,-145.04144883671893,0.0005697409338646509,0.5039697777431407,0.0009786671473221986,0.9171891485193484,1.9290125052862095e-06
39926,-124.0188387743726,-105.5310285249146,-120.19753897313065,-110.36157908140687,-124.79996294950439,-105.9215906124805,-120.97866314826244,-111.14270325653867,1.056561194029851e-05,7207.791379386763,3.3248404029961875e-05,10363.690018726002,2.147448885381209e-05
39927,-109.2217982308128,-116.93898433250313,-118.3046038896531,-124.50986259393807,-110.00292240594459,-117.32954642006902,-119.08572806478489,-125.29098676906986,4.4165671641791035e-06,9340.006479912234,7.313594174718219e-06,18943.07815609586,2.8810287489022812e-06
39928,-111.35074146828154,-100.93491507147425,-115.19547843302698,-111.19919951226612,-112.13186564341333,-101.32547715904015,-115.97660260815877,-111.98032368739791,1.1136756218905475e-05,9478.976736285116,8.982259380729829e-05,11246.788310718513,0.00010447753773235036
39929,-110.62565583159875,-110.7292034670462,-116.23198680486482,-110.9906605867713,-111.40678000673054,-111.1197655546121,-117.01311097999661,-111.77178476190309,7.059203980099503e-06,9196.79683003094,1.7363888105137448e-05,14130.173634539944,8.068545831463325e-06
39931,-123.30468333508043,-124.91274933059265,-135.97069291252268,-128.77271233356726,-123.72116439662432,-125.12098986136459,-136.38717397406657,-129.18919339511115,5.160327919227392e-06,4470.194376197001,1.3961054534661343e-05,6666.691385840196,2.584044089815052e-06
39932,-74.96034550376343,-87.57049311423076,-160.08679505325486,-148.97978511277643,-71.96733038083048,-86.07398555276427,-157.0937799303219,-145.98676998984345,0.8363556894706731,1.673627725018445,13.27613294854757,1.8865547430912954,325.03922944848716
39933,-257.07318690036846,-257.0938079969826,-302.8827489867186,-303.7590252954254,-255.40676021225602,-256.2605946529264,-301.21632229860614,-302.09259860731294,0.00038103510833481546,773.6634886540417,0.004521225061004941,842.6833752832041,0.011002421196337764
39934,222.21744607090014,209.21852122018117,176.29112059206054,176.83433968737134,223.99818958669246,210.10889297807734,178.07186410785286,178.61508320316366,17.80869351548254,0.0007944891966538137,112.84320007021176,0.0009427657543525925,15.76531053204544
39935,-148.41301639091992,-148.11389049425316,-163.00100904891042,-165.5153487280992,-148.5211960928093,-148.16798034519783,-163.1091887507998,-165.6235284299886,5.079828414550444e-06,5345.573018708416,1.3608558724342856e-05,7908.591499298234,3.1058489113888754e-06
39936,-102.21595445648008,-108.29007790698253,-113.67910236102345,-115.62682281251307,-102.63243551802397,-108.49831843775448,-114.09558342256734,-116.04330387405696,3.221110646832692e-06,2631.6829322643453,1.4618861676751749e-05,3229.4735331359625,9.603429163007604e-07
39937,-157.53820810402914,-135.86681398216695,-161.30992529628395,-149.39636405215396,-158.31933227916093,-136.25737606973286,-162.09104947141574,-150.17748822728575,2.9332551319648096e-07,218009.01804975732,1.3378187446733136e-06,279903.2617622181,7.854827899222983e-07
39938,-161.3114619856016,-140.12638388286746,-173.32056362634748,-151.36456908734817,-162.0925861607334,-140.51694597043337,-174.10168780147927,-152.14569326247997,2.1584164222873903e-07,279470.6756349522,8.354428260304303e-07,373242.91183213174,4.551914400963142e-07
39939,-344.6305301971255,-432.2823702457519,-433.30542631129174,-418.7453325640483,-341.699058391526,-430.81663434295217,-430.37395450569227,-415.8138607584488,1.1338607555526285e-06,48.796870194767195,1.559863349598345e-06,182.52840690735627,2.7755575615628914e-09
39940,-1408.6459541150616,-1472.3373654844324,-1647.9013841147435,-1587.6386282022154,-1403.8819008457137,-1469.9553388497586,-1643.1373308453956,-1582.8745749328675,1.359580542093293e-07,2175.0208374094473,7.16093850883226e-07,2820.8176750790794,2.7755575615628914e-09
39941,-86.6907922579046,-96.96188912909801,-103.67075029177231,-97.55309220612097,-86.29634310323216,-96.7646645517618,-103.27630113709986,-97.15864305144852,0.00047348525536884407,37.80743998388347,0.001402356009094774,59.76426073145413,0.0002703920420898953
39942,-126.61300687985607,-168.89253213240846,-186.72893136012695,-182.88347747021405,-124.43092197313945,-167.80148967905015,-184.54684645341032,-180.70139256349742,0.0008778587033879382,15.139096888994175,0.005462680308099266,19.092558642130886,0.00106760711382492
39943,-61.2101302482821,-70.08121520653357,-89.13024523512482,-76.62911933927495,-60.240316948706095,-69.59630855674557,-88.16043193554881,-75.65930603969895,0.002220482505513959,2.754964120499359,0.007795428191847975,3.6928248225431837,0.0003585326480148865
39944,-79.80795517769798,-93.67494711192123,-138.89228275367458,-136.88705437558178,-77.45184751700208,-92.49689328157328,-136.53617509297868,-134.53094671488589,0.007617617620595572,1.657164970136904,0.045900017120459324,1.9925893567362962,0.0058307497718956824
39945,-104.17528462584728,-103.31110651743121,-108.66802301177832,-112.92306122057785,-104.95640880097908,-103.70166860499711,-109.44914718691011,-113.70418539570964,1.614029850746269e-06,10122.356662800592,6.536438057480609e-06,12699.01658895356,7.355227538141662e-07
39946,-107.5763059242766,-96.72023152561883,-104.86313672068235,-109.80838922346013,-108.35743009940839,-97.11079361318473,-105.64426089581414,-110.58951339859192,5.207016915422886e-06,2468.065083130355,1.2934098236883074e-05,3697.893634580396,1.1962653090336062e-06
39947,-230.47292737181277,-253.025247400737,-261.09653019898735,-243.59722526411736,-229.67713682621604,-252.62735212793862,-260.3007396533906,-242.80143471852062,3.066595282183399e-08,12217.717907947512,7.494005416219807e-08,25772.496723846572,2.7755575615628914e-09
39948,-17.598416180806737,-19.87958337212189,-24.694224924906102,-26.26875284403152,-18.379540355938538,-20.27014545968779,-25.475349100037903,-27.049877019163322,0.3414080536911399,3.5439227227818115,2.391142775448607,3.9612606072547685,16.68203048477146
39949,-27.564267196762422,-21.01219494370195,-42.02338417547109,-44.27134669832007,-28.345391371894223,-21.40275703126785,-42.80450835060289,-45.052470873451874,0.35220342788338826,3.9779973411979697,5.086209822757759,4.255711795464467,48.16173118926681
39950,-23.9191442702732,-21.89062917063192,-27.226176009045396,-28.125211082485556,-24.700268445405,-22.281191258197822,-28.007300184177197,-28.906335257617357,0.23006118333445294,5.6324197770796225,2.9744946006271533,5.898831137496341,20.00591452500089
39951,-139.85359065721698,-109.96126838808114,-125.14066379469838,-127.83828350963043,-140.27007171876087,-110.16950891885308,-125.55714485624227,-128.25476457117432,6.141552747252749e-06,2569.8241816591863,2.818578703767116e-05,3253.566225007276,4.013456234019941e-06
39952,-144.4330907645296,-116.57764349433276,-114.5773039616063,-123.24596027753883,-144.8495718260735,-116.7858840251047,-114.9937850231502,-123.66244133908272,3.6183296703296707e-06,0.08901503922853493,3.6082248300317588e-06,88.04493523767442,6.938893903907228e-08
39953,-101.41712975280689,-101.36341085257718,-114.09206904836782,-111.61907704160643,-102.19825392793868,-101.75397294014307,-114.87319322349961,-112.40020121673822,4.904897360703813e-06,6202.230885674898,1.953437411827963e-05,8125.855458362641,5.009881398621019e-06
39954,-122.24994015066892,-133.1456979264728,-136.47959246101348,-132.33847100793906,-122.66642121221281,-133.35393845724474,-136.89607352255737,-132.75495206948295,3.3854307692307694e-06,1524.3459995260555,4.671263376110346e-06,4359.826996402083,3.469446951953614e-07
39955,-127.90086910407234,-137.11486649827438,-144.95517768555382,-141.5098104757651,-128.00904880596173,-137.16895634921906,-145.0633573874432,-141.6179901776545,7.4982614285714306e-06,1007.5798302061622,1.2720380304642731e-05,1968.5645292216725,7.577272143066693e-07
39956,-127.53161838635907,-136.7191321323137,-138.18711696438152,-140.23699335217205,-127.63979808824844,-136.77322198325837,-138.2952966662709,-140.34517305406143,5.4209478571428575e-06,1310.8826110341254,8.85957973650875e-06,2589.5842594983455,4.801714581503802e-07
39957,-120.81878679082115,-139.39641802995044,-139.37687520271757,-139.62841032163823,-120.92696649271052,-139.45050788089512,-139.48505490460695,-139.7365900235276,5.974890714285715e-06,791.0798873601021,8.074096946586451e-06,2226.6350417878834,4.440892098500626e-07
39958,-135.66784266558997,-136.84871089906545,-142.43747632074871,-143.41096802660223,-135.77602236747936,-136.90280075001013,-142.5456560226381,-143.51914772849162,7.944987857142859e-06,837.2158980679555,1.247890679678676e-05,1770.4491249749822,6.966649479522857e-07
39959,-120.94223401979337,-142.47989698439505,-140.54672346954578,-138.47880459446708,-121.05041372168274,-142.53398683533973,-140.65490317143517,-138.58698429635646,6.159245000000002e-06,128.87097566299798,6.444844657949034e-06,1804.2939823886827,3.164135620181696e-07
39960,-140.6386700019004,-133.51128242978223,-137.77612172416787,-141.02786863139193,-141.0551510634443,-133.71952296055417,-138.19260278571176,-141.44434969293582,3.7716030534351136e-06,7021.14880981769,7.741030039198904e-06,11785.411936690914,1.6708856520608606e-06
39961,-140.72286859186846,-146.21980359024386,-151.78661610974078,-157.97189770474353,-141.13934965341235,-146.4280441210158,-152.20309717128467,-158.38837876628742,7.029714285714284e-07,35762.49504435486,1.8568480086855743e-06,52290.72066969642,3.858025010572419e-07
39962,-75.92870465256142,-78.34623492142705,-86.55640912180402,-82.00253082981557,-76.34518571410531,-78.554475452199,-86.97289018334791,-82.41901189135946,1.547673792037101e-05,60.08974851007265,3.063105324940807e-05,102.60192908179144,2.275957200481571e-07
39963,-102.6945271122176,-109.04084557690435,-134.29820073455258,-136.94527851699684,-102.08935692622951,-108.7382604839103,-133.69303054856448,-136.34010833100874,1.3650153794100281e-05,112.75587952858102,0.0001832423102143821,126.93474696606755,4.135580766728708e-06
39964,-50.135782705348504,-55.154902677004,-57.72740779803814,-57.07547021185915,-50.916906880480305,-55.5454647645699,-58.508531973169944,-57.85659438699095,1.2680322040541988e-05,54.21775002539819,3.751443600208404e-05,71.71686879331452,1.304512053934559e-07
39965,-23.182210229934455,-44.28729698239452,-46.8091137286778,-44.35003745804887,-22.787761075262015,-44.0900724050583,-46.414664574005364,-43.95558830337643,0.00037987855007430777,2.5242911549927527,0.001165983976036955,3.2431317861236764,4.6879167214797235e-06
39966,-26.605362964257736,-31.840648238673047,-58.26971929609394,-59.596097202183195,-26.000192778269643,-31.538063145679,-57.664549110105845,-58.9909270161951,0.0004535825927511652,3.148718927814542,0.015969192634912588,3.3434233108753375,0.0004888117688395255
39968,-14.82824606983013,-19.25680356697645,-20.13592225943661,-16.665370130606348,-15.609370244961928,-19.64736565454235,-20.917046434568412,-17.44649430573815,0.0010867004280685928,0.9716272993953723,0.0030748598112140257,1.7536601474299474,0.00012653489367409065
39969,-32.293198000974115,-13.64296685794809,-31.507857060705405,-30.355945418591794,-33.074322176105916,-14.033528945513991,-32.288981235837205,-31.137069593723595,0.001068562041761065,1.3969197394381183,0.0265786198605511,1.480638573192472,0.0016905782329601493
39970,-19.536109608961866,-22.09565350443247,-27.608234664071308,-25.651702177400075,-20.317233784093666,-22.48621559199837,-28.38935883920311,-26.432826352531876,0.0007183632082229524,1.496163292813435,0.002066088966579116,2.1982652709251482,2.0949908474676704e-05
39971,-11.653921617410923,-5.944925671948063,-15.302912775626734,-16.196764829552194,-12.435045792542722,-6.3354877595139625,-16.084036950758534,-16.977889004683995,0.002072356602626929,0.6057866347441987,0.013372322693605554,0.7382506578834658,0.00020957124924336767
39972,7.138746010328866,-7.700906528021438,-33.943603363678335,-29.75171392131299,8.416860669559384,-7.061849198406179,-32.66548870444782,-28.473599262082473,0.004303425958246612,0.5558940101013654,0.1153784900953525,0.6035878023502583,0.008762807146567297
39973,36.31727739807345,38.371842041813075,26.93169210199561,18.48092668990742,35.90079633652956,38.16360151104113,26.515211040451717,18.064445628363533,45.41619304693878,0.016445050654567694,366.5178424205884,0.018862292283650106,3238.7371760533856
39974,78.85627121436053,68.8828031289116,70.30753013521652,77.37544180115204,78.43979015281664,68.67456259813966,69.89104907367263,76.95896073960814,4.047477214550395e-05,0.00018875678797769524,5.173084183240917e-05,0.001162016372013852,5.551115123125783e-09
39975,62.39018743197007,69.0984959038696,58.05521468060256,72.37655993289951,61.97370637042618,68.89025537309766,57.63873361905867,71.96007887135562,3.128078731087291e-05,0.0008781246840783297,0.00012886081091068036,0.0016337991515236183,5.551115123125783e-09
39976,102.71768471900077,100.46993978725895,91.28539700853474,97.2546573773071,102.6095050171114,100.41584993631426,91.17721730664537,97.14647767541773,8.778510883401945e-05,0.0003446523622052666,0.0007705142079927896,0.00047310483308748985,2.7755575615628914e-09
39977,-43.88161418119046,-51.331710283837126,-58.442229835016725,-56.958135927966424,-43.989793883079834,-51.38580013478181,-58.5504095369061,-57.0663156298558,0.016012398951489953,0.8035252039295671,0.021344803702305626,2.333610633786787,0.0034228564427252195
39978,-18.608841379194505,-26.49172980297091,-34.44926571306158,-37.730741656203755,-18.717021081083878,-26.545819653915597,-34.557445414950955,-37.83892135809313,0.03243421345252946,0.968532430589697,0.07901216070305139,1.4243854130069344,0.015099838046594982
39979,-36.08571683052442,-37.24320221022484,-47.41626097434127,-46.73868548496338,-36.50219789206831,-37.45144274099678,-47.83274203588516,-47.155166546507274,0.01438529272249388,2.4961395149181165,0.03133172332692169,3.89272142259367,0.006914144257130772
39980,-16.574608951553216,-25.077467398205844,-29.196458238727175,-32.61684759016498,-16.991090013097107,-25.28570792897779,-29.612939300271066,-33.03332865170887,0.036857982196821494,0.8734089152473423,0.07223131537337224,1.4502508235425537,0.01519548376016644
39981,-131.75663590772524,-134.3064493600528,-146.4727064532859,-143.50439714556026,-132.17311696926913,-134.51468989082474,-146.88918751482979,-143.92087820710415,1.0170329670329667e-06,17130.078223415836,4.668487818548783e-06,21274.32016183056,5.412337245047638e-07
39982,-74.27126061916408,-84.92122817032718,-100.30834139030497,-98.39192859291336,-73.87681146449164,-84.72400359299097,-99.91389223563253,-97.99747943824092,2.6903042462423924e-05,35.5859781984158,0.0001863453835682094,43.25427862705844,2.6978419498391304e-06
39983,-298.2830792198522,-306.96809828555985,-329.200430491269,-328.95057712345107,-297.48728867425547,-306.57020301276145,-328.4046399456723,-328.15478657785434,8.002354933453283e-07,928491.1252840961,7.926437284311305e-05,965299.8972005675,0.0017472578939248251
39984,-117.96959770998741,-115.5337960677457,-123.28702071175516,-121.6580551468672,-118.3860787715313,-115.74203659851764,-123.70350177329905,-122.07453620841109,6.826537931034479e-06,1001.0317067337127,1.1735057370287905e-05,1878.2007086353692,6.356026815979021e-07
39987,-153.3555645485112,-172.73809028716568,-195.02854953072884,-197.315104737038,-151.5748210327189,-171.8477185292695,-193.24780601493651,-195.5343612212457,7.237347950969273e-07,58.428031811330605,5.243028233792302e-06,72.08471663822102,2.7755575615628914e-09
39988,-97.23499951308271,-148.76905249016136,-154.65912209938685,-151.09629763778113,-95.14595463763587,-147.72453005243793,-152.57007722394,-149.00725276233428,1.6452560445901818e-06,9.794045372102378,6.061817714453355e-06,14.551504286641759,2.7755575615628914e-09
39989,-167.73037021838917,-180.62932648388878,-185.78886331108257,-179.66851835008822,-167.57148713502949,-180.54988494220893,-185.62998022772288,-179.50963526672854,2.0292616720955496e-06,9545.169525231657,4.73232564246473e-06,15063.674296479645,6.550315845288424e-07
39990,-169.3812337209442,-181.09164305160647,-182.71633412923515,-179.72016425684754,-169.22235063758453,-181.01220150992663,-182.55745104587547,-179.56128117348786,1.532388707926168e-06,14633.032702636829,4.31044089310717e-06,24161.66590210278,1.6764367671839864e-06
39991,-180.67773517843153,-174.76842318260643,-204.27739851781482,-198.73945923127533,-180.51885209507185,-174.68898164092658,-204.11851543445513,-198.58057614791565,1.4340933767643874e-06,23030.633081487063,1.650068970349139e-05,25939.03676740944,6.841749389252527e-06
39992,9.28400760808108,-7.629227548522696,-14.377403861353748,-14.332945520173084,9.67845676275352,-7.432002971186476,-13.982954706681308,-13.938496365500644,0.3119515812408396,0.14499751371799263,0.5923232043736348,0.2603187229666126,0.2215916145020813
39993,-133.26631945241502,-128.9253926204575,-131.41788872152893,-146.46827839556704,-133.6828005139589,-129.13363315122945,-131.83436978307282,-146.88475945711093,1.1612789685737311e-05,2700.6379397085943,1.8918200339612667e-05,5704.736459342219,6.261657858885883e-06
39994,-160.93621797695727,-175.6775914041086,-181.71189584765577,-182.58701464130223,-160.77733489359758,-175.59814986242876,-181.55301276429608,-182.42813155794255,2.3147391351563303e-07,12063.145286610732,7.077671781985373e-07,16206.436905344568,1.1102230246251565e-08
39995,-150.8164552497213,-171.6721549655648,-173.13104396756825,-173.29404362967256,-150.6575721663616,-171.59271342388496,-172.97216088420856,-173.13516054631287,3.95394591475883e-07,4653.230275623144,7.188694084447889e-07,8078.574405332662,8.326672684688674e-09
39996,-152.1641386370415,-167.86379131848432,-172.76024731301857,-174.56663161431706,-152.00525555368182,-167.78434977680448,-172.60136422965888,-174.40774853095738,5.3566697177782e-07,3929.522486981141,1.1018963519404679e-06,6308.675687018262,1.3877787807814457e-08
39997,-143.49677792797772,-152.4144001938192,-158.12221038625756,-161.5460476971808,-143.33789484461803,-152.33495865213936,-157.96332730289788,-161.3871646138211,9.175646547218989e-07,2993.657610126765,2.7644553313166398e-06,3996.9820369488707,4.163336342344337e-08
39998,-41.59429208754532,-30.50389762263557,-51.66224627643489,-51.47766191959268,-41.43540900418565,-30.424456080955736,-51.503363193075224,-51.31877883623301,0.0007369999321297779,1.9171967030606751,0.0047656961710274,2.326998081003673,7.783496069890816e-05
39999,-26.643250172460057,-25.781740278045937,-39.037298874188075,-41.22743925440086,-26.484367089100385,-25.702298736366103,-38.878415790828406,-41.068556171041195,0.0009064289193418532,1.562337237803746,0.006075620562207007,1.8641984760869867,9.56706935895113e-05
40000,-13.593634231546801,-18.133723187482698,-27.472345551797932,-27.748860103791,-13.434751148187129,-18.054281645802863,-27.31346246843826,-27.589977020431327,0.0018458200336819777,0.6190217938240039,0.006625922033265397,0.8221645400596778,6.0865201767512644e-05
40001,-64.97790683592893,-16.64753479519239,-25.498188389680095,-29.191979724538186,-64.81902375256927,-16.568093253512554,-25.339305306320423,-29.033096641178513,0.0015441953391870436,0.7910040893399639,0.007159051129690397,0.97134951093647,7.18786141717942e-05
40002,-137.1771980182204,-147.81218298077866,-145.8409332906145,-142.9695746852851,-137.28537772010978,-147.86627283172334,-145.94911299250387,-143.07775438717448,1.003783257624919e-06,2432.3425924479,1.3100631690576847e-06,12542.692385238252,4.940492459581947e-07
40003,-126.75954814409371,-138.4988246910995,-141.59478303455808,-142.44195336651535,-126.86772784598308,-138.55291454204416,-141.70296273644746,-142.55013306840473,2.3849059052563274e-06,2302.7605331478185,4.946043574705072e-06,3774.9280769433512,1.942890293094024e-07
40004,-147.72334245128556,-170.18525894253227,-176.7083018971275,-176.88323031183796,-146.75352915170956,-169.70035229274427,-175.7384885975515,-175.91341701226196,0.00014812329496124025,223.0906697193169,0.00038907488342232455,320.9422086679625,7.725209361097995e-05
40005,-140.90024093911083,-146.52305112103565,-164.39097493769304,-166.94318072787615,-139.93042763953483,-146.03814447124765,-163.42116163811704,-165.97336742830015,0.00016555876415094334,254.06794195198535,0.002332736781518463,274.61391090793927,0.0008962108832832882
40006,-150.21797777706004,-159.78443332995056,-185.00974378022028,-189.0826796105771,-149.24816447748404,-159.29952668016256,-184.03993048064427,-188.11286631100108,0.00015308895754716977,251.71686140240678,0.0008702816245431677,302.5458651135793,0.0002403993670796467
40007,-144.28186827691812,-145.194735498281,-170.11415964013847,-171.1666376397764,-143.31205497734211,-144.709828848493,-169.14434634056246,-170.1968243402004,0.0002121821088050314,200.34574936056427,0.0023950952332540965,223.61293398259764,0.0010075107415019602
40008,-94.75041395521373,-106.3107805212828,-114.23904192726593,-115.62988574197134,-94.59153087185406,-106.23133897960295,-114.08015884390626,-115.47100265861167,0.00041378285000000004,141.71130297896406,0.0012434719920406678,194.10938688568802,0.00044153014577830163
40009,-136.63300561706578,-145.0705455197634,-164.7817200718289,-167.02974478405446,-135.66319231748977,-144.5856388699754,-163.81190677225288,-166.05993148447845,0.0002551404314465408,150.4550599808474,0.0015041912160285165,177.16237149140167,0.0003634370582261681
40010,49.65827002351421,44.79973497914315,46.7997357694602,57.7671196000604,49.24178896197032,44.59149444837121,46.38325470791631,57.350638538516506,0.0712607718902228,0.0,0.07125966483556567,0.0005093379051857028,1.1976530878143876e-05
40011,-125.18310235623079,-112.27585384204704,-110.27545970521359,-116.32081401681224,-125.96422653136258,-112.66641592961294,-111.05658388034539,-117.10193819194403,1.2598534623399096e-05,0.6586602931402119,1.2578826869003024e-05,4691.56974796775,4.682365606356598e-06
40013,-27.302007865226656,-15.118070195190306,-55.52440936469689,-52.527226019425335,-27.143124781866984,-15.03862865351047,-55.365526281337225,-52.368342936065666,0.9556898725527769,2.014543708850347,113.66227533615714,2.1094133928478698,12810.810965560582
40014,-25.53991038158904,-14.453477684284199,-40.10929910053464,-35.28197218736237,-25.64809008347841,-14.507567535228885,-40.21747880242402,-35.39015188925175,1.0917307151245266,1.7670832563321248,39.348815858430974,1.9652549651527629,2919.0427897562986
40017,-405.79359795518536,-461.9734089975249,-476.967450091787,-483.4063894456003,-403.12918893483493,-460.64120448734974,-474.30304107143655,-480.7419804252499,2.29778119266055e-05,502.9974731207143,5.0076609525717686e-05,787.0730694352068,3.5832448119776927e-06
40018,-438.02376259046514,-515.3799160657344,-523.4256824948242,-521.5809351101026,-435.15578818149487,-513.9459288612493,-520.5577080858538,-518.7129607011323,2.6593860996354797e-05,459.5906631205682,5.3484994211316916e-05,767.7081425802589,4.282685317491541e-06
40019,-395.93806765611043,-463.42736684272484,-461.4242782403877,-456.3379362600827,-393.4218745800675,-462.16927030470333,-458.90808516434475,-453.82174318403975,2.554134991055457e-05,0.3340832285814166,2.5518476221009223e-05,710.3247328436036,2.0289325775024736e-06
40020,-392.4875040395068,-465.4643411097846,-467.2595374737059,-466.9518580560204,-389.89583030749816,-464.16850424378026,-464.66786374169726,-464.36018432401175,2.0624312482065987e-05,592.806913205346,3.292643935282058e-05,1221.529120401854,3.269606807521086e-06
40021,-292.63762862932305,-342.56079955227176,-346.25899076836197,-346.4252599226209,-290.74875067099015,-341.61636057310534,-344.37011281002907,-344.536381964288,1.3468759842519685e-05,1280.0718488157893,2.807754029277021e-05,2070.142611203141,3.069766663088558e-06
40022,-331.8099829353438,-375.9752944198287,-380.8084206805392,-381.02860858350215,-329.9211049770109,-375.03085544066226,-378.9195427222063,-379.13973062516925,5.442225670840787e-06,3001.8820745603134,1.0783041126671833e-05,4858.45256748424,1.071365218763276e-06
40023,-108.4705269306682,-101.62315944260146,-99.62311356901608,-104.30022934279445,-108.57870663255757,-101.67724929354615,-99.73129327090545,-104.40840904468382,4.4019770012106086e-05,5.4254600811987075e-05,4.4000914023456517e-05,53.578955169275574,4.968248035197576e-07
40024,-108.64959291108502,-107.75786855286937,-105.88380334161856,-99.34279385317552,-108.75777261297439,-107.81195840381406,-105.99198304350793,-99.45097355506489,9.313198972889419e-05,1.6718905189727629,9.535983114261626e-05,46.870550179323175,2.170486013142181e-06
40025,-139.91894385372171,-165.10426313688825,-163.10417102471357,-166.558385110455,-139.12315330812498,-164.70636786408988,-162.30838047911683,-165.76259456485826,1.807399497159195e-05,1.0990264254218118e-05,1.805777749552817e-05,134.6558055425606,2.1371793224034263e-07
40026,-77.4791192598568,-97.27129852796406,-95.44458768259332,-93.57417074811718,-77.58729896174617,-97.32538837890876,-95.55276738448269,-93.68235045000655,3.8433966663309304e-05,16.4810841380425,4.257705299437475e-05,99.6162882330176,6.661338147750939e-07
40027,-93.47710080335222,-108.54984828821922,-112.05876358218737,-112.14026898592978,-93.08265164867977,-108.35262371088301,-111.66431442751492,-111.74581983125734,0.00030067737935725834,3.2233677508819447,0.0003550326699297557,14.55058261734532,7.0388139761234925e-06
40028,-73.40893477562808,-81.72612789406836,-79.95058018262426,-76.70502362596334,-73.51711447751745,-81.78021774501305,-80.05875988451363,-76.8132033278527,6.175667013077903e-05,22.728651876469108,7.915057498308897e-05,151.14195790222328,0.004529826513888224
40029,-110.3229111705952,-137.12356848548123,-137.9858691884747,-137.53449325875468,-109.71774098460712,-136.8209833924872,-137.3806990024866,-136.92932307276658,3.153351660820629e-05,199.24753590716549,7.254197242900773e-05,322.516458788169,3.658184866139891e-06
40030,-69.95741970354503,-80.28598010956918,-79.01195380271261,-76.13341451301355,-70.37390076508892,-80.49422064034113,-79.4284348642565,-76.54989557455744,4.9405313533799637e-05,80.57808737721439,8.150147223773274e-05,243.71815236351458,1.4530043834781736e-05
40031,-160.94462683338048,-162.91044764158454,-182.0427470749266,-175.50016379473706,-160.33945664739238,-162.6078625485905,-181.4375768889385,-174.89499360874896,5.8515540361399025e-06,1126.7591988227687,6.536438057480609e-05,1303.2121567401189,1.0977330155981235e-05
40032,-134.73247315155675,-116.16311754398916,-148.51984039425997,-148.33322752731124,-134.84065285344613,-116.21720739493385,-148.62802009614936,-148.44140722920062,3.291942519962121e-06,3233.2545618939944,0.0036423059013301895,3262.136377953806,401.72095337742684
40033,-121.39498929805814,-144.9878086969682,-231.79035281357727,-229.0131671595368,-117.9196500614914,-143.2501390786848,-228.31501357701055,-225.53782792297008,2.8747662738946117e-05,4.454188471225695,0.2207444282920079,4.6257570439078854,0.259815399750174
40034,-344.5103662695891,-371.99188101721495,-369.0164796889196,-374.7655286426471,-343.71457572399237,-371.59398574441656,-368.2206891433229,-373.96973809705037,9.05755861858835e-08,281227.8771639603,9.992007221626409e-08,569551.0399107748,4.440892098500626e-08
40035,236.76348548409396,190.05544290839723,172.38855255220764,170.3698697523658,239.20123713383038,191.27431873326543,174.82630420194405,172.8076214021022,0.1330553039331556,0.013153613587224555,1.5836027544846587,0.014510371071363437,0.03744893839474628
40036,332.9627323442152,265.2355819570407,264.9322218902214,265.43621179256644,335.3188400049111,266.41363578738867,267.2883295509173,267.79231945326234,0.9968173886917031,0.0008694533426556461,2.084056571760584,0.0014954911198294951,0.016201848196395474
40037,167.76387833629587,113.20090377831073,111.1196347954325,110.01112223349574,169.85292321174273,114.24542621603416,113.20867967087935,112.10016710894259,0.06210933469485608,0.019434767295489763,0.16242359679452534,0.027714923522825785,0.0013914674967807628
40038,-74.3619493476957,-115.4548455074282,-165.7383494787787,-160.4328121535634,-71.36893422476274,-113.95833794596172,-162.74533435584573,-157.43979703063042,0.09833393013422156,1.2650103445865923,0.42692436252877997,1.6739998074943863,0.5851225337583088
40039,-87.19213743442828,-129.95643467153565,-180.19230520501284,-177.9464173916773,-84.13941638519596,-128.43007414691948,-177.1395841557805,-174.89369634244497,0.08036864317319063,1.666148498169484,0.37965612320611797,2.1731258278978594,0.5860732343876407
40042,-922.1800077484003,-1102.3284942215193,-1167.27410112576,-1173.1430439151188,-917.2253341194439,-1099.8511574070412,-1162.3194274968034,-1168.1883702861624,1.2715958838481652e-05,238.26677562449606,0.00010566547636869927,269.6416982074235,2.7478019859472624e-06
40043,-1001.336430717547,-1209.8100435950857,-1250.573177411453,-1243.9147572198747,-996.3817570885906,-1207.3327067806076,-1245.6185037824964,-1238.9600835909182,8.969038369081051e-06,302.06264502868896,4.044542478709445e-05,381.2357719643611,8.354428260304303e-07
40044,-44.393917421797426,-32.0099812208272,-47.60897135875642,-46.72491046765432,-45.175041596929226,-32.4005433083931,-48.39009553388822,-47.50603464278612,0.0006728447332751093,4.212057417629644,0.0020222462593366686,5.938371071823045,4.536093722862233e-05
40045,-212.3506221357772,-279.5088375548944,-284.9681393942386,-284.4847096133026,-209.83442905973425,-278.2507410168729,-282.45194631819567,-281.96851653725963,0.00021202020404040406,35.166085808113756,0.0004591604874093491,56.51914091364674,2.4799606812564434e-05
40046,-179.98468999996228,-222.33205376054238,-240.47481727230291,-242.1972230158149,-177.713701568104,-221.19655954461322,-238.2038288404446,-239.9262345839566,0.0001668439095710741,41.233061250423034,0.0008752693014812962,50.33956223227109,5.3446136405455036e-05
40047,-1157.7447501484548,-1350.0807509574386,-1359.1541888172937,-1356.4922522559568,-1153.1914179104228,-1347.8040848384226,-1354.6008565792617,-1351.9389200179248,7.4270272194893385e-06,599.1744034709035,1.0613732115416497e-05,1589.430704700634,6.550315845288424e-07
40048,-1014.018884036522,-1179.9338309273069,-1213.2031077757276,-1188.8254868502058,-1009.4935242824394,-1177.6711510502655,-1208.677748021645,-1184.300127096123,8.90676630136987e-06,139.2736691828711,1.326716514427062e-05,340.6928342245541,2.0261570199409107e-07
40049,-729.5770429226748,-845.2165166016814,-865.24196094897,-851.6498027044001,-725.834640900859,-843.3453155907736,-861.4995589271542,-847.9074006825844,8.804113979442e-06,286.1904348324118,1.322830733840874e-05,681.0369689386753,3.774758283725532e-07
40050,105.96356359557245,-137.11353179889824,-291.3238701847278,-273.0091031531512,111.87521771077498,-134.15770474129698,-285.4122160695253,-267.0974490379487,0.004593365538927767,0.8273415671444795,0.08553142361034105,0.9688131574758785,0.009922365706849234
40051,73.11049375798365,-119.74956268517931,-222.28165496012005,-220.93662554044312,78.4184144582987,-117.0956023350218,-216.973734259805,-215.62870484012808,0.0006185916730748102,1.4606298611719026,0.056781121471338736,1.5370054750607487,0.0024675844700894345
40052,-1297.3083890009393,-1427.2169345552315,-1472.9745038651117,-1488.1245538957044,-1292.8113985168407,-1424.9684393131822,-1468.477513381013,-1483.6275634116057,7.709737580645163e-06,2593.89296197271,1.4593881658697683e-05,4459.382030959691,1.962319196024964e-06
40053,-1317.7338181428768,-1432.6528124147078,-1483.1905587939577,-1500.3336225379214,-1313.236827658778,-1430.4043171726585,-1478.693568309859,-1495.8366320538228,7.812399677419355e-06,2510.217860719033,1.4549472737712676e-05,4350.128199521686,1.9095836023552692e-06
40054,-1256.8267901796285,-1429.474373266107,-1451.5755099337205,-1454.4867039134201,-1252.3297996955298,-1427.2258780240577,-1447.0785194496218,-1449.9897134293215,5.198929516129031e-06,4327.883739170979,1.0985656828665924e-05,6951.060983039936,1.5987211554602254e-06
40055,-1323.5346935556834,-1492.740624279531,-1518.6994394197225,-1511.7028834665225,-1319.0377030715847,-1490.4921290374816,-1514.2024489356238,-1507.2058929824238,3.6079988709677414e-06,6908.980777482254,8.47655279301307e-06,10851.917039056747,1.5210055437364645e-06
40057,-102.94021855964888,-101.72894995666094,-111.0573189560145,-115.743280231299,-103.35669962119277,-101.93719048743289,-111.47380001755839,-116.15976129284289,6.580476855895198e-05,527.452851990462,0.00013925249842117182,834.9375296180517,3.0284108554212708e-05
40059,-144.23804779071497,-152.3966143710865,-164.67283542746276,-167.13349672225308,-143.84359863604254,-152.1993897937503,-164.27838627279033,-166.73904756758066,5.2658662365591394e-05,868.30220001749,0.0001571159868873906,1208.9618733132634,5.1708637371916666e-05
40060,-82.7651907849487,-89.79303038791198,-92.34198630411701,-92.34810548356182,-83.5463149600805,-90.18359247547788,-93.12311047924881,-93.12922965869362,4.658724999999999e-05,557.333024901241,7.935319068508306e-05,1073.9198767827918,1.5787371410169726e-05
40061,-130.73689555983432,-135.79560034908317,-155.85146093326998,-161.02432279179067,-130.57801247647464,-135.71615880740333,-155.6925778499103,-160.86543970843098,2.801909471094711e-06,2402.1039967700995,3.64402952257592e-05,2630.1316663040475,2.4924506902834764e-06
40062,-141.66096985053903,-141.78071097175928,-160.98790129542596,-161.18368513902584,-141.50208676717935,-141.70126943007944,-160.82901821206627,-161.02480205566616,3.157079827798278e-06,1634.3829708166945,1.2154166562083901e-05,2163.0859043829664,5.162537064506978e-07
40063,-452.98130096014455,-465.7293712355012,-491.33764830227034,-490.1951727819082,-451.3148742720321,-464.896157891445,-489.6712216141579,-488.52874609379575,8.176996915830431e-11,318906.60592255124,5.551115123125783e-09,331055.4290053151,5.551115123125783e-09
40064,-192.76852897881525,-233.04188671837298,-235.7521526312189,-239.13491426894768,-191.10210229070282,-232.20867337431676,-234.08572594310647,-237.46848758083524,5.5707672632560395e-05,146.8310679424989,0.00010524359161934171,254.79279854329073,6.472600233564663e-06
40065,-251.8444649181963,-312.7187829199371,-311.25118722037314,-311.38981600777714,-249.75542004274945,-311.6742604822137,-309.1621423449263,-309.3007711323303,2.1247972226558275e-05,170.94636529485507,2.835787160648806e-05,502.1151955590386,1.3128387266192476e-06
40066,-132.270089943678,-175.73939560375308,-173.73939226612063,-172.99691180027128,-130.72491249919844,-174.9668068815133,-172.19421482164108,-171.45173435579173,8.316142253848644e-05,1.7243428906965619e-06,8.31501534293011e-05,19.822448363460143,6.439293542825908e-07
40067,-199.94858294184,-272.460399088301,-270.460395592824,-270.520319726829,-197.51083129210357,-271.24152326343284,-268.0226439430876,-268.08256807709256,4.912377952209855e-05,8.553585617576687e-05,4.9116266609416925e-05,48.819667378796616,5.218048215738236e-07
40068,-69.95449944632283,-50.44115170049786,-59.11410557239911,-57.986898738709584,-70.37098050786672,-50.64939223126981,-59.530586633943,-58.403379800253475,0.0003517013496813522,43.73364814980185,0.03840530671261888,48.37708496396864,0.19298053155480943
40069,-52.8217465915189,-45.340200631486724,-52.45287532709348,-52.3057071615016,-53.23822765306279,-45.54844116225867,-52.86935638863737,-52.72218822304549,0.0005207777583422395,32.339775030976185,0.2211371585847388,33.19904719839562,0.6609901653797934
40070,-36.5744424588018,-37.38634778620087,-47.42368896254533,-46.83689765898595,-36.99092352034569,-37.59458831697282,-47.84017002408922,-47.25337872052984,0.0007982230162292677,17.470996542201522,0.12128088811014237,18.63328084883431,0.32513471637241054
40071,-44.14274232774085,-33.16561837750934,-46.34217873968032,-46.33597634110909,-44.55922338928474,-33.373858908281285,-46.75865980122421,-46.75245740265298,0.0008780279697977277,13.642347023001822,0.1660480114518137,14.249553823952876,0.298409527643706
40072,-32.01185313306732,-35.76520834057265,-45.742379334255844,-42.36822466254085,-32.42833419461121,-35.973448871344594,-46.158860395799735,-42.78470572408474,0.0013592634558445152,9.241402346815697,0.02848348223949415,10.460229427022849,0.009587913796238468
40073,-32.55022407481707,-35.64146305912654,-44.25228846024998,-48.56255318654816,-32.966705136360964,-35.84970358989848,-44.66876952179387,-48.97903424809205,0.0010201670733087913,10.980657441705954,0.021739735012182848,11.633520460685443,0.005411884829165103
40074,-36.37465627169787,-37.033200993686975,-47.10254889577921,-46.315137815827015,-36.791137333241764,-37.24144152445892,-47.5190299573231,-46.731618877370906,0.0008796223553418042,13.347342793235129,0.027190943940880175,13.670863414527723,0.0051050996763279954
40075,-43.57054793015125,-47.38316175684874,-55.25732134605751,-52.84365888768224,-43.98702899169514,-47.59140228762069,-55.6738024076014,-53.26013994922613,0.0004960367038356489,26.85069448638,0.014155387972891731,33.95254715499174,0.05449287965308969
40076,-30.089396824490066,-40.5251653584923,-47.039690630971116,-46.510170697643645,-30.505877886033957,-40.73340588926425,-47.45617169251501,-46.926651759187536,0.0010506600708150256,11.004511958401242,0.011771481012168294,12.763251523439934,0.002963343459505552
40077,-87.27008411886322,-87.0448555774948,-91.27043019838666,-91.57628139719382,-87.68656518040711,-87.25309610826675,-91.68691125993055,-91.99276245873772,7.144331156236392e-06,1449.558125209527,0.0008615219648788752,1401.8805395529243,0.0001890015921546251
40078,-73.0940136685499,-74.40450904262642,-79.7641801608469,-79.76418010954922,-73.5104947300938,-74.61274957339836,-80.1806612223908,-80.1806611710931,3.353385323741007e-06,470.0311624292741,850.397334251074,470.0311679726732,36.3946398213022
40079,-63.42724235799385,-64.65138528775648,-74.5977508821394,-74.71425716622352,-63.84372341953774,-64.85962581852843,-75.01423194368328,-75.13073822776741,5.707926522781775e-06,220.55637987261622,0.004273700837664762,217.47263280913475,5.449807272128737e-05
40080,-55.386612324935285,-58.58094548811673,-70.79762889800443,-73.55677488572454,-55.803093386479176,-58.78918601888868,-71.21410995954832,-73.97325594726843,1.2143895136690649e-05,101.82136824471444,0.0005355133003703827,104.36203177088821,1.2900791546144319e-05
40081,-63.82781568339874,-53.961629624548905,-77.52818227176587,-70.25299990131788,-64.24429674494263,-54.16987015532085,-77.94466333330976,-70.66948096286177,3.0208059894484418e-05,40.56466065072151,0.00036509406609042117,46.45244620005151,7.1914696420094515e-06
40082,-58.245492768990616,-51.69487146867881,-65.40430959281338,-63.41633255067808,-58.66197383053451,-51.90311199945076,-65.82079065435727,-63.83281361222197,4.369444151558753e-05,27.679302646133053,0.0003918448898687643,33.067760152827304,7.821521208484228e-06
40083,-62.05299205570826,-49.32828059774681,-59.68124800627105,-58.93499935066451,-62.46947311725215,-49.53652112851876,-60.09772906781494,-59.3514804122084,4.668739430215829e-05,23.247238161439032,0.0003331168674236551,27.375043833877122,3.841371665203042e-06
40084,-49.95513922724949,-49.87081458292407,-60.72622502854614,-62.8414181257055,-50.37162028879338,-50.079055113696015,-61.14270609009003,-63.25789918724939,5.05694605467626e-05,20.565253412541118,0.0002911476615352626,24.57693178542497,2.8255175976710234e-06
40085,-50.99769884268996,-52.51857879213816,-63.23027905843479,-63.6258103501232,-51.41417990423385,-52.7268193229101,-63.64676011997868,-64.0422914116671,3.961320936211032e-05,29.605821185552106,0.0003231304113171518,34.92473714866718,5.098699240591031e-06
40086,-54.02154074464465,-51.34680580776578,-69.47969562926129,-61.964378121286074,-54.438021806188544,-51.55504633853773,-69.89617669080518,-62.380859182829965,5.740842870023983e-05,18.115775439420112,0.00029077851237957475,22.954233945049474,3.2612801348363973e-06
40087,-59.87205959194084,-56.70885995809611,-69.19169985727174,-69.29475182353292,-60.28854065348473,-56.91710048886806,-69.60818091881563,-69.71123288507681,4.3182765774580344e-05,20.197706249613923,0.000144864675810652,27.60536455481688,1.121325254871408e-06
40088,-84.11523694333447,-88.37433383569686,-96.78952047720885,-97.79197674696978,-84.53171800487836,-88.5825743664688,-97.20600153875274,-98.20845780851367,2.7953997475314177e-05,380.1009081432216,9.625633623500107e-05,488.18871579980885,5.290212712338871e-06
40089,-75.36880118746016,-91.03829537601851,-89.03825866976939,-86.91069131948676,-75.78528224900406,-91.24653590679046,-89.45473973131328,-87.32717238103065,3.1599777322710946e-05,9.352518759442319e-07,3.158029393546258e-05,213.9251140815257,9.325873406851315e-07
40090,-75.26702232898093,-91.70098739242034,-90.70425689283087,-92.38208331698004,-75.68350339052482,-91.90922792319229,-91.12073795437476,-92.79856437852393,3.4484434975314174e-05,97.72511748057377,4.524436381103669e-05,291.43878663812075,1.9317880628477724e-06
40091,-75.30873249611794,-81.29943356554381,-87.70896899428081,-88.05116873138756,-75.72521355766183,-81.50767409631575,-88.1254500558247,-88.46764979293145,2.3667658381956913e-05,617.647876118288,0.0008946871021819902,611.6154104340299,2.9726221484338566e-05
40092,-76.10010426420762,-88.41999586593238,-90.52000904416315,-90.63176041462606,-76.5165853257515,-88.62823639670432,-90.93649010570704,-91.04824147616995,2.6655865350089767e-05,341.92848380004693,6.934453011808728e-05,495.2623147836399,3.858025010572419e-06
40093,-82.2226676234372,-87.96245404428859,-94.01497560455464,-96.25044519878219,-82.6391486849811,-88.17069457506054,-94.43145666609853,-96.66692626032608,3.081571717908438e-05,318.368465966834,9.031664305325648e-05,432.3958166698727,4.926614671774132e-06
40094,-74.91945905870548,-90.52838436652421,-88.52831971717798,-85.54598223359906,-75.33594012024938,-90.73662489729615,-88.94480077872187,-85.96246329514295,4.8131821083931766e-05,0.0028298510201807403,4.811984144481585e-05,145.9660583874589,1.4904744105592727e-06
40095,-85.62041446056317,-86.73336431658656,-86.50625042916495,-86.99948761844172,-86.03689552210706,-86.9416048473585,-86.92273149070884,-87.41596867998561,3.6064218918312385e-05,157.06987851743514,5.955791415601652e-05,292.46773458174727,2.3037127760972e-06
40096,-92.181360821314,-90.67268559133396,-97.02460936531449,-104.8041429446228,-92.59784188285789,-90.8809261221059,-97.44109042685838,-105.22062400616669,3.322888767953321e-05,229.2996760431265,6.945277686298823e-05,370.3406281314603,3.5055292002539318e-06
40097,-93.46995781595733,-103.56524412522516,-102.72242230761506,-98.10358964617444,-93.88643887750122,-103.77348465599711,-103.13890336915895,-98.52007070771833,1.9724223350538598e-05,135.80767173693164,2.433608869978343e-05,483.11552807689395,9.46465128492946e-07
40098,-484.4817306816243,-514.2220514020607,-549.3519969827144,-548.6863205372732,-482.1256230209284,-513.0439975717128,-546.9958893220185,-546.3302128765773,8.079644268774705e-07,32697.810485773804,3.5896285943692874e-05,35436.51236933015,2.5407453918546707e-05
40099,-687.9353960063157,-780.9192849482467,-786.5484412118183,-789.8112201149852,-684.660223686863,-779.2816987885203,-783.2732688923655,-786.5360477955325,4.89217934249264e-06,8173.671007473959,1.0888512314011223e-05,11982.164351395819,2.3814283878209608e-06
40100,-806.6554881319353,-897.1011667748867,-919.3014091511964,-919.6574810902902,-803.2777292237074,-895.4122873207727,-915.9236502429685,-916.2797221820623,2.7917012365931075e-07,46032.49270357424,3.6359804056473877e-06,49358.65304906767,2.80331313717852e-07
40101,-1372.5709339251125,-1515.95987838466,-1564.9412689895196,-1561.5919602842232,-1368.1319185147604,-1513.740370679484,-1560.5022535791675,-1557.152944873871,1.1894032315131505e-06,36112.85129644604,1.7486012637846216e-05,40904.32631995439,1.5218382110049333e-05
40102,17.81180186081383,-182.3499764136243,-241.9693083982128,-95.97736560081248,23.042042894496348,-179.73485589678302,-236.73906736453029,-90.74712456712996,1.883418134178798e-06,0.3955374310860016,4.596323321948148e-06,1.2148872298722857,2.7755575615628914e-09
40103,-170.19223912633308,-190.91639800124304,-190.42522813225193,-190.01955133852474,-170.0333560429734,-190.8369564595632,-190.26634504889225,-189.86066825516505,1.0797333267751399e-07,35758.69883282823,2.4424906541753444e-07,54752.55888085717,5.551115123125783e-09
40104,-185.83894486340495,-200.06868079368655,-207.36742119966533,-204.05583327059247,-185.68006178004526,-199.9892392520067,-207.20853811630565,-203.8969501872328,8.451275371508905e-08,66144.2193755542,3.7470027081099033e-07,85366.04779137652,2.220446049250313e-08
40105,-138.99342351652047,-129.84444650966333,-139.3067891983854,-148.33567662700025,-139.40990457806436,-130.05268704043527,-139.72327025992928,-148.75215768854414,2.2553465201465206e-06,4466.142670080942,4.7128967395337895e-06,7658.843195332776,4.440892098500626e-07
40106,-118.08891584065253,-123.066605517855,-125.68682842350708,-125.80423654007214,-118.87004001578433,-123.45716760542089,-126.46795259863887,-126.58536071520393,1.0859733333333333e-06,32975.05039963755,2.5229818234606682e-06,52117.76476615676,7.299716386910404e-07
40107,-162.99980711776368,-150.11147488928108,-147.23273819004615,-139.64231388975816,-163.78093129289547,-150.502036976847,-148.01386236517794,-140.42343806488995,2.5653237410071943e-07,573.5326682299591,2.55351295663786e-07,53960.003955634216,1.6653345369377348e-08
40108,-309.64556067909984,-439.69073571068134,-447.86467073122736,-445.49973384396844,-305.8619200828786,-437.7989154125707,-444.08103013500613,-441.7160932477472,0.00014877121346281786,17.15931522588976,0.00037233549576853875,27.534603027457027,1.031952301389083e-05
40109,-384.3764144209272,-533.5896866486237,-532.4194086935111,-521.057561605535,-380.39844632779864,-531.6007026020594,-528.4414406003825,-517.0795935124065,0.00013368506324164568,5.802260654996783,0.00016434908989282349,22.130184926805185,2.1316282072803006e-06
40110,-380.090990769667,-504.77569493125395,-527.0593661702401,-526.8240212370125,-376.1885033325041,-502.8244512126725,-523.1568787330772,-522.9215337998496,8.518806870226428e-05,42.18056395527414,0.00036635139366580916,55.399040144399336,1.2811973704174306e-05
40111,-80.51113821119314,-86.54337070885033,-92.56383736831337,-88.71607655879922,-80.92761927273703,-86.75161123962228,-92.98031842985726,-89.1325576203431,2.1825123092783516e-05,281.71616199712537,8.356648706353553e-05,382.908670437998,5.234701561107613e-06
40112,-11.086077586552115,-7.9899518784769725,-17.93192790212433,-15.13175770888607,-11.867201761683914,-8.380513966042873,-18.71305207725613,-15.91288188401787,0.001878933287592722,0.9597584278986382,0.068553254739534,1.024171974450816,0.008610026580591068
40114,-96.81843380943059,-99.06657241334858,-97.81156620556861,-98.77313565515098,-97.59955798456238,-99.45713450091448,-98.5926903807004,-99.55425983028277,2.8136676923076923e-06,3700.752787669126,4.846123502488808e-06,6782.116319796139,4.3853809472693683e-07
40115,-20.852550909875234,-27.616377576633425,-38.79583488537719,-42.18015964639487,-21.269031971419125,-27.82461810740537,-39.21231594692108,-42.59664070793876,0.0020172955288985826,5.1088292212786435,0.025853669205488927,5.615321428398268,0.0033209851535431767
40116,-15.447712065236999,-17.829211222432544,-31.597345084219377,-37.16306649429893,-15.86419312678089,-18.03745175320449,-32.01382614576327,-37.57954755584282,0.004466194111232278,2.26307536638215,0.05621598186955623,2.4948866255147806,0.007094613785341153
40117,-15.924569360648832,-18.82432349350967,-32.11944086855921,-27.269326123918948,-16.341050422192723,-19.032564024281616,-32.5359219301031,-27.68580718546284,0.006715659760087239,1.336511481098146,0.035436217848960894,1.7091643979560978,0.0038489350595583005
40118,-28.045000506125035,-31.45942961373678,-44.98277531559213,-42.6516640658357,-28.461481567668926,-31.667670144508726,-45.39925637713602,-43.068145127379594,0.001838669574700109,5.656483204607987,0.01860422649269111,6.635648188535459,0.0031832064761871948
40119,-25.7347401987627,-22.097001715894766,-40.970301947496424,-33.22141528220607,-26.151221260306592,-22.30524224666671,-41.386783009040315,-33.63789634374996,0.004941875681570338,1.8568223809634077,0.028539604013388953,2.2864839008818194,0.0027191526807968103
40120,-27.89834613592727,-21.15380564952228,-34.66791714392207,-27.05670516769524,-28.31482719747116,-21.362046180294225,-35.08439820546596,-27.473186229239133,0.006502900763358777,1.262875723384571,0.026265284391868704,1.6670084533321194,0.00193336457954274
40121,-57.765920358533734,-70.86006371619523,-69.11193758205552,-64.86472234975956,-58.182401420077625,-71.06830424696717,-69.52841864359941,-65.28120341130345,0.0016940200820512825,5.51199592324636,0.0019391488415010372,30.929603453300203,0.0004830719158022134
40122,-570.6583769145452,-637.1223381734094,-650.4797784154619,-651.2402639752659,-567.8559821512209,-635.7211407917472,-647.6773836521376,-648.4378692119416,9.359880668257752e-07,18957.46191446851,5.304090500146685e-06,21863.350573727235,4.85722573273506e-07
40123,-58.493244768014605,-59.78179763613613,-75.76897538284987,-83.85508266566782,-58.9097258295585,-59.99003816690808,-76.18545644439376,-84.27156372721171,6.885752220623505e-05,91.23239618552547,0.0016460582896726805,97.77442595648722,0.00020420887203442817
40124,-66.57480751501548,-68.40327287671025,-82.93339762253719,-78.19774828656043,-66.99128857655937,-68.61151340748219,-83.34987868408108,-78.61422934810432,5.172249505995205e-05,112.79664610863716,0.00043589576392832896,135.87571378559372,3.8441472227646045e-05
40125,-440.3329279893375,-484.6674466414099,-494.2871196788365,-493.5902056060408,-438.24388311389066,-483.6229242036865,-492.19807480338966,-491.50116073059394,3.0859009976976204e-08,76949.06106642818,6.022959908591474e-07,83420.15690762589,2.4980018054066022e-08
40126,-421.12256696056943,-459.83561034263266,-461.4381913826843,-461.68953665171273,-419.03352208512257,-458.79108790490926,-459.34914650723744,-459.60049177626587,7.017209004860576e-08,22409.247261387543,2.1649348980190553e-07,39272.44932467333,2.7755575615628914e-09
40127,-308.3101820542561,-343.0356518209353,-353.6034764038095,-353.23014123297713,-306.7650046097765,-342.2630630986955,-352.05829895932993,-351.68496378849756,1.0837955394190871e-07,25377.470998184715,2.9448665728182277e-06,28572.8820540701,4.801714581503802e-07
40128,-20.408422653936643,-26.853410677167368,-37.2101000748536,-32.11490480039803,-20.516602355826016,-26.907500528112056,-37.318279776742976,-32.223084502287406,0.0003622977846470891,2.0066292724663093,0.0023754748168514084,2.5345857160852248,2.9992675010248604e-05
40129,-11.6686367461961,-22.1154810494594,-32.880594256727896,-29.498553437742338,-11.509753662836427,-22.036039507779567,-32.72171117336823,-29.339670354382665,0.0005908743395974052,0.24014541089023567,0.0010114437065666948,0.45914282315040467,1.1185496973098452e-06
40130,-14.34215774298179,-7.0758848245867405,-41.81369451929842,-21.014233547425086,-15.12328191811359,-7.46644691215264,-42.594818694430224,-21.795357722556886,0.011788053716559688,0.5209316401022512,0.06231847815563185,0.6279858397739702,0.002608838145512493
